site,sha256,size,kept_url,duplicate_url,duplicate_path,method,action
comissaodaverdade.al.sp.gov.br,c395464b53db3e9b4f1de7b32aee251e38e95236442ad8781680b0de586c00b1,33792,https://replica.local/comissao/upload/001-ArquivoCEMDP.pdf,https://replica.local/comissao/upload/001-ArquivoCEMDP-devanir.pdf,001-ArquivoCEMDP-devanir.pdf,sha256,stored as hardlink
comissaodaverdade.al.sp.gov.br,302000e3cd88caf65aaea50f53265ff46a02ec997790d14ae593695a227e600e,90112,https://replica.local/comissao/upload/001-Arquivo-CEMDP-Joao-Carlos-Cavalcanti-Reis.pdf,https://replica.local/comissao/upload/001-Arquivo-CEMDP-Joao-Carlos-Cavalcanti-Reis004.pdf,001-Arquivo-CEMDP-Joao-Carlos-Cavalcanti-Reis004.pdf,sha256,stored as hardlink
dados.cvm.gov.br,a92b87949ab070b76c244aa57c51a6c3d033e343e7f5e409a93181440c6b3ccc,98304,https://replica.local/cvm/dados/CIA_ABERTA/cia_aberta_doc_2025.zip,https://replica.local/cvm/dados/FIDC/fidc_doc_2025.zip,FIDC/fidc_doc_2025.zip,sha256,stored as hardlink
dadosabertos.pgfn.gov.br,f82f79411cd8f4ebcda4f70ff4578daf37f32c20c0e0cd86376fcf23da54c9ee,307200,https://replica.local/pgfn/2025_trimestre_03/Dados_abertos_FGTS.zip,https://replica.local/pgfn/2025_trimestre_04/Dados_abertos_FGTS.zip,2025_trimestre_04/Dados_abertos_FGTS.zip,range-probe,stored as hardlink
dadosabertos.pgfn.gov.br,b3f1d00fb5624bce4043d9de7f6a621f32c75eb3135b9005857bd4d72a10aee6,327680,https://replica.local/pgfn/2025_trimestre_03/Dados_abertos_Nao_Previdenciario.zip,https://replica.local/pgfn/2025_trimestre_04/Dados_abertos_Nao_Previdenciario.zip,2025_trimestre_04/Dados_abertos_Nao_Previdenciario.zip,range-probe,stored as hardlink
dadosabertos.pgfn.gov.br,46280c782398c7b1bf557f51a946317e0709ef14c68d89d9bb1da5124c91c1e0,430080,https://replica.local/pgfn/2025_trimestre_03/Dados_abertos_Previdenciario.zip,https://replica.local/pgfn/2025_trimestre_04/Dados_abertos_Previdenciario.zip,2025_trimestre_04/Dados_abertos_Previdenciario.zip,range-probe,stored as hardlink
macau.rn.gov.br,b4183265d26ec127f9a7c25edeb7c217528113140328d06de2445c1fcd65bb67,153600,https://replica.local/macau/diario/2013%20-%20Di%C3%A1rio%20Oficial%20de%20Macau/01%20-%20Janeiro-2013/macau-2013-01-02.pdf,https://replica.local/macau/diario/2013%20-%20Di%C3%A1rio%20Oficial%20de%20Macau/03%20-%20Mar%C3%A7o-2013/macau-2013-03-11-edicao-2.pdf,2013 - Diário Oficial de Macau/03 - Março-2013/macau-2013-03-11-edicao-2.pdf,sha256,stored as hardlink
valiprev.sp.gov.br,a077779091c967a29cae454e291e5aa25f7cd29a60d57f3e1981cfc2bb0e8696,3800,https://replica.local/valiprev/uploads/paginas/certidoes/pdf/10_2023-LGPD-ARTE-VISUAL-E-IMPRESSAO-DAS-ELEICOES-DO-CONSELHO-DISPENSA1.pdf,https://replica.local/valiprev/uploads/paginas/certidoes/pdf/10_2023-LGPD-ARTE-VISUAL-E-IMPRESSAO-DAS-ELEICOES-DO-CONSELHO-DISPENSA.pdf,uploads/paginas/certidoes/pdf/10_2023-LGPD-ARTE-VISUAL-E-IMPRESSAO-DAS-ELEICOES-DO-CONSELHO-DISPENSA.pdf,sha256,stored as hardlink
valiprev.sp.gov.br,a077779091c967a29cae454e291e5aa25f7cd29a60d57f3e1981cfc2bb0e8696,3800,https://replica.local/valiprev/uploads/paginas/certidoes/pdf/10_2023-LGPD-ARTE-VISUAL-E-IMPRESSAO-DAS-ELEICOES-DO-CONSELHO-DISPENSA1.pdf,https://replica.local/valiprev/uploads/paginas/certidoes/pdf/10_2023-LGPD-ARTE-VISUAL-E-IMPRESSAO-DAS-ELEICOES-DO-CONSELHO-DISPENSA2.pdf,uploads/paginas/certidoes/pdf/10_2023-LGPD-ARTE-VISUAL-E-IMPRESSAO-DAS-ELEICOES-DO-CONSELHO-DISPENSA2.pdf,sha256,stored as hardlink
