group,size,name_similarity,kept_name,kept_url,candidate_name,candidate_url,reason
13631488:dfp_cia_aberta_2021.zip,13631488,1.0,dfp_cia_aberta_2021.zip,https://dados.cvm.gov.br/dados/CIA_ABERTA/DOC/DFP/DADOS/dfp_cia_aberta_2021.zip,dfp_cia_aberta_2022.zip,https://dados.cvm.gov.br/dados/CIA_ABERTA/DOC/DFP/DADOS/dfp_cia_aberta_2022.zip,same listed size + similar name (verify by hash)
13631488:dfp_cia_aberta_2021.zip,13631488,1.0,dfp_cia_aberta_2021.zip,https://dados.cvm.gov.br/dados/CIA_ABERTA/DOC/DFP/DADOS/dfp_cia_aberta_2021.zip,dfp_cia_aberta_2023.zip,https://dados.cvm.gov.br/dados/CIA_ABERTA/DOC/DFP/DADOS/dfp_cia_aberta_2023.zip,same listed size + similar name (verify by hash)
13631488:dfp_cia_aberta_2021.zip,13631488,1.0,dfp_cia_aberta_2021.zip,https://dados.cvm.gov.br/dados/CIA_ABERTA/DOC/DFP/DADOS/dfp_cia_aberta_2021.zip,dfp_cia_aberta_2024.zip,https://dados.cvm.gov.br/dados/CIA_ABERTA/DOC/DFP/DADOS/dfp_cia_aberta_2024.zip,same listed size + similar name (verify by hash)
13631488:dfp_cia_aberta_2022.zip,13631488,1.0,dfp_cia_aberta_2022.zip,https://dados.cvm.gov.br/dados/CIA_ABERTA/DOC/DFP/DADOS/dfp_cia_aberta_2022.zip,dfp_cia_aberta_2023.zip,https://dados.cvm.gov.br/dados/CIA_ABERTA/DOC/DFP/DADOS/dfp_cia_aberta_2023.zip,same listed size + similar name (verify by hash)
13631488:dfp_cia_aberta_2022.zip,13631488,1.0,dfp_cia_aberta_2022.zip,https://dados.cvm.gov.br/dados/CIA_ABERTA/DOC/DFP/DADOS/dfp_cia_aberta_2022.zip,dfp_cia_aberta_2024.zip,https://dados.cvm.gov.br/dados/CIA_ABERTA/DOC/DFP/DADOS/dfp_cia_aberta_2024.zip,same listed size + similar name (verify by hash)
13631488:dfp_cia_aberta_2023.zip,13631488,1.0,dfp_cia_aberta_2023.zip,https://dados.cvm.gov.br/dados/CIA_ABERTA/DOC/DFP/DADOS/dfp_cia_aberta_2023.zip,dfp_cia_aberta_2024.zip,https://dados.cvm.gov.br/dados/CIA_ABERTA/DOC/DFP/DADOS/dfp_cia_aberta_2024.zip,same listed size + similar name (verify by hash)
12582912:dfp_cia_aberta_2020.zip,12582912,1.0,dfp_cia_aberta_2020.zip,https://dados.cvm.gov.br/dados/CIA_ABERTA/DOC/DFP/DADOS/dfp_cia_aberta_2020.zip,dfp_cia_aberta_2025.zip,https://dados.cvm.gov.br/dados/CIA_ABERTA/DOC/DFP/DADOS/dfp_cia_aberta_2025.zip,same listed size + similar name (verify by hash)
10485760:dfp_cia_aberta_2017.zip,10485760,1.0,dfp_cia_aberta_2017.zip,https://dados.cvm.gov.br/dados/CIA_ABERTA/DOC/DFP/DADOS/dfp_cia_aberta_2017.zip,dfp_cia_aberta_2018.zip,https://dados.cvm.gov.br/dados/CIA_ABERTA/DOC/DFP/DADOS/dfp_cia_aberta_2018.zip,same listed size + similar name (verify by hash)
9437184:dfp_cia_aberta_2011.zip,9437184,1.0,dfp_cia_aberta_2011.zip,https://dados.cvm.gov.br/dados/CIA_ABERTA/DOC/DFP/DADOS/dfp_cia_aberta_2011.zip,dfp_cia_aberta_2012.zip,https://dados.cvm.gov.br/dados/CIA_ABERTA/DOC/DFP/DADOS/dfp_cia_aberta_2012.zip,same listed size + similar name (verify by hash)
9437184:dfp_cia_aberta_2011.zip,9437184,1.0,dfp_cia_aberta_2011.zip,https://dados.cvm.gov.br/dados/CIA_ABERTA/DOC/DFP/DADOS/dfp_cia_aberta_2011.zip,dfp_cia_aberta_2013.zip,https://dados.cvm.gov.br/dados/CIA_ABERTA/DOC/DFP/DADOS/dfp_cia_aberta_2013.zip,same listed size + similar name (verify by hash)
9437184:dfp_cia_aberta_2011.zip,9437184,1.0,dfp_cia_aberta_2011.zip,https://dados.cvm.gov.br/dados/CIA_ABERTA/DOC/DFP/DADOS/dfp_cia_aberta_2011.zip,dfp_cia_aberta_2014.zip,https://dados.cvm.gov.br/dados/CIA_ABERTA/DOC/DFP/DADOS/dfp_cia_aberta_2014.zip,same listed size + similar name (verify by hash)
9437184:dfp_cia_aberta_2011.zip,9437184,1.0,dfp_cia_aberta_2011.zip,https://dados.cvm.gov.br/dados/CIA_ABERTA/DOC/DFP/DADOS/dfp_cia_aberta_2011.zip,dfp_cia_aberta_2015.zip,https://dados.cvm.gov.br/dados/CIA_ABERTA/DOC/DFP/DADOS/dfp_cia_aberta_2015.zip,same listed size + similar name (verify by hash)
9437184:dfp_cia_aberta_2011.zip,9437184,1.0,dfp_cia_aberta_2011.zip,https://dados.cvm.gov.br/dados/CIA_ABERTA/DOC/DFP/DADOS/dfp_cia_aberta_2011.zip,dfp_cia_aberta_2016.zip,https://dados.cvm.gov.br/dados/CIA_ABERTA/DOC/DFP/DADOS/dfp_cia_aberta_2016.zip,same listed size + similar name (verify by hash)
9437184:dfp_cia_aberta_2012.zip,9437184,1.0,dfp_cia_aberta_2012.zip,https://dados.cvm.gov.br/dados/CIA_ABERTA/DOC/DFP/DADOS/dfp_cia_aberta_2012.zip,dfp_cia_aberta_2013.zip,https://dados.cvm.gov.br/dados/CIA_ABERTA/DOC/DFP/DADOS/dfp_cia_aberta_2013.zip,same listed size + similar name (verify by hash)
9437184:dfp_cia_aberta_2012.zip,9437184,1.0,dfp_cia_aberta_2012.zip,https://dados.cvm.gov.br/dados/CIA_ABERTA/DOC/DFP/DADOS/dfp_cia_aberta_2012.zip,dfp_cia_aberta_2014.zip,https://dados.cvm.gov.br/dados/CIA_ABERTA/DOC/DFP/DADOS/dfp_cia_aberta_2014.zip,same listed size + similar name (verify by hash)
9437184:dfp_cia_aberta_2012.zip,9437184,1.0,dfp_cia_aberta_2012.zip,https://dados.cvm.gov.br/dados/CIA_ABERTA/DOC/DFP/DADOS/dfp_cia_aberta_2012.zip,dfp_cia_aberta_2015.zip,https://dados.cvm.gov.br/dados/CIA_ABERTA/DOC/DFP/DADOS/dfp_cia_aberta_2015.zip,same listed size + similar name (verify by hash)
9437184:dfp_cia_aberta_2012.zip,9437184,1.0,dfp_cia_aberta_2012.zip,https://dados.cvm.gov.br/dados/CIA_ABERTA/DOC/DFP/DADOS/dfp_cia_aberta_2012.zip,dfp_cia_aberta_2016.zip,https://dados.cvm.gov.br/dados/CIA_ABERTA/DOC/DFP/DADOS/dfp_cia_aberta_2016.zip,same listed size + similar name (verify by hash)
9437184:dfp_cia_aberta_2013.zip,9437184,1.0,dfp_cia_aberta_2013.zip,https://dados.cvm.gov.br/dados/CIA_ABERTA/DOC/DFP/DADOS/dfp_cia_aberta_2013.zip,dfp_cia_aberta_2014.zip,https://dados.cvm.gov.br/dados/CIA_ABERTA/DOC/DFP/DADOS/dfp_cia_aberta_2014.zip,same listed size + similar name (verify by hash)
9437184:dfp_cia_aberta_2013.zip,9437184,1.0,dfp_cia_aberta_2013.zip,https://dados.cvm.gov.br/dados/CIA_ABERTA/DOC/DFP/DADOS/dfp_cia_aberta_2013.zip,dfp_cia_aberta_2015.zip,https://dados.cvm.gov.br/dados/CIA_ABERTA/DOC/DFP/DADOS/dfp_cia_aberta_2015.zip,same listed size + similar name (verify by hash)
9437184:dfp_cia_aberta_2013.zip,9437184,1.0,dfp_cia_aberta_2013.zip,https://dados.cvm.gov.br/dados/CIA_ABERTA/DOC/DFP/DADOS/dfp_cia_aberta_2013.zip,dfp_cia_aberta_2016.zip,https://dados.cvm.gov.br/dados/CIA_ABERTA/DOC/DFP/DADOS/dfp_cia_aberta_2016.zip,same listed size + similar name (verify by hash)
9437184:dfp_cia_aberta_2014.zip,9437184,1.0,dfp_cia_aberta_2014.zip,https://dados.cvm.gov.br/dados/CIA_ABERTA/DOC/DFP/DADOS/dfp_cia_aberta_2014.zip,dfp_cia_aberta_2015.zip,https://dados.cvm.gov.br/dados/CIA_ABERTA/DOC/DFP/DADOS/dfp_cia_aberta_2015.zip,same listed size + similar name (verify by hash)
9437184:dfp_cia_aberta_2014.zip,9437184,1.0,dfp_cia_aberta_2014.zip,https://dados.cvm.gov.br/dados/CIA_ABERTA/DOC/DFP/DADOS/dfp_cia_aberta_2014.zip,dfp_cia_aberta_2016.zip,https://dados.cvm.gov.br/dados/CIA_ABERTA/DOC/DFP/DADOS/dfp_cia_aberta_2016.zip,same listed size + similar name (verify by hash)
9437184:dfp_cia_aberta_2015.zip,9437184,1.0,dfp_cia_aberta_2015.zip,https://dados.cvm.gov.br/dados/CIA_ABERTA/DOC/DFP/DADOS/dfp_cia_aberta_2015.zip,dfp_cia_aberta_2016.zip,https://dados.cvm.gov.br/dados/CIA_ABERTA/DOC/DFP/DADOS/dfp_cia_aberta_2016.zip,same listed size + similar name (verify by hash)
