url,local_path,name,size,sha256,status,remote_mtime,http_status,content_type,dupe_of,dupe_method,duration_s,error
https://valiprev.sp.gov.br/uploads/paginas/certidoes/pdf/10_2023-LGPD-ARTE-VISUAL-E-IMPRESSAO-DAS-ELEICOES-DO-CONSELHO-DISPENSA.pdf,,10_2023-LGPD-ARTE-VISUAL-E-IMPRESSAO-DAS-ELEICOES-DO-CONSELHO-DISPENSA.pdf,3984588,,dry_run,2024-02-16T14:56:00Z,,,,,,
https://valiprev.sp.gov.br/uploads/paginas/certidoes/pdf/10_2023-LGPD-ARTE-VISUAL-E-IMPRESSAO-DAS-ELEICOES-DO-CONSELHO-DISPENSA1.pdf,,10_2023-LGPD-ARTE-VISUAL-E-IMPRESSAO-DAS-ELEICOES-DO-CONSELHO-DISPENSA1.pdf,3984588,,dry_run,2024-02-19T09:38:00Z,,,,,,
https://valiprev.sp.gov.br/uploads/paginas/certidoes/pdf/10_2023-LGPD-ARTE-VISUAL-E-IMPRESSAO-DAS-ELEICOES-DO-CONSELHO-DISPENSA2.pdf,,10_2023-LGPD-ARTE-VISUAL-E-IMPRESSAO-DAS-ELEICOES-DO-CONSELHO-DISPENSA2.pdf,3984588,,dry_run,2024-02-19T10:27:00Z,,,,,,
https://valiprev.sp.gov.br/uploads/paginas/certidoes/pdf/500.pdf,,500.pdf,396288,,dry_run,2024-11-18T11:15:00Z,,,,,,
https://valiprev.sp.gov.br/uploads/paginas/certidoes/pdf/AUDI%C3%8ANCIA_2023_-_DIVULGA%C3%87%C3%83O_SITE_INSTITUCIONAL.pdf,,AUDIÊNCIA_2023_-_DIVULGAÇÃO_SITE_INSTITUCIONAL.pdf,1887436,,dry_run,2024-10-30T13:43:00Z,,,,,,
https://valiprev.sp.gov.br/uploads/paginas/certidoes/pdf/AUDI%C3%8ANCIA_2023_-_LISTA_DE_PRESEN%C3%87A.pdf,,AUDIÊNCIA_2023_-_LISTA_DE_PRESENÇA.pdf,346112,,dry_run,2024-10-30T13:43:00Z,,,,,,
https://valiprev.sp.gov.br/uploads/paginas/certidoes/pdf/CERTID%C3%83O_NEGATIVA_DE_D%C3%89BITOS_RELATIVOS_AOS_TRIBUTOS_FEDERAIS_E_%C3%80_%C3%8DVIDA_-_VALIDADE_11_MAIO_2025.pdf,,CERTIDÃO_NEGATIVA_DE_DÉBITOS_RELATIVOS_AOS_TRIBUTOS_FEDERAIS_E_À_ÍVIDA_-_VALIDADE_11_MAIO_2025.pdf,77824,,dry_run,2024-11-12T17:00:00Z,,,,,,
https://valiprev.sp.gov.br/uploads/paginas/certidoes/pdf/CERTID%C3%83O_NEGATIVA_ESTADUAL_-_INSCRITOS_-_VALIDADE_09OUT2024.pdf,,CERTIDÃO_NEGATIVA_ESTADUAL_-_INSCRITOS_-_VALIDADE_09OUT2024.pdf,260096,,dry_run,2024-09-11T14:51:00Z,,,,,,
https://valiprev.sp.gov.br/uploads/paginas/certidoes/pdf/CERTID%C3%83O_NEGATIVA_FEDERAL_-_VALIDADE_10MAR2025.pdf,,CERTIDÃO_NEGATIVA_FEDERAL_-_VALIDADE_10MAR2025.pdf,78848,,dry_run,2024-09-11T14:51:00Z,,,,,,
https://valiprev.sp.gov.br/uploads/paginas/certidoes/pdf/CRP.pdf,,CRP.pdf,288768,,dry_run,2024-02-15T14:35:00Z,,,,,,
https://valiprev.sp.gov.br/uploads/paginas/certidoes/pdf/CRP1.pdf,,CRP1.pdf,288768,,dry_run,2024-02-15T14:50:00Z,,,,,,
https://valiprev.sp.gov.br/uploads/paginas/certidoes/pdf/CRP2.pdf,,CRP2.pdf,288768,,dry_run,2024-03-27T08:43:00Z,,,,,,
https://valiprev.sp.gov.br/uploads/paginas/certidoes/pdf/CRP_-_VALIDADE_27FEV2025.pdf,,CRP_-_VALIDADE_27FEV2025.pdf,305152,,dry_run,2024-09-11T14:50:00Z,,,,,,
https://valiprev.sp.gov.br/uploads/paginas/certidoes/pdf/CRP_VALIPREV_vencto_31_08.pdf,,CRP_VALIPREV_vencto_31_08.pdf,281600,,dry_run,2024-05-02T16:31:00Z,,,,,,
https://valiprev.sp.gov.br/uploads/paginas/certidoes/pdf/CRP_VIG%C3%8ANCIA_31AGO_2024.pdf,,CRP_VIGÊNCIA_31AGO_2024.pdf,281600,,dry_run,2024-05-15T09:24:00Z,,,,,,
https://valiprev.sp.gov.br/uploads/paginas/certidoes/pdf/Certidao-18853149000189.pdf,,Certidao-18853149000189.pdf,77824,,dry_run,2024-02-15T14:35:00Z,,,,,,
https://valiprev.sp.gov.br/uploads/paginas/certidoes/pdf/Certidao-188531490001891.pdf,,Certidao-188531490001891.pdf,77824,,dry_run,2024-02-15T14:50:00Z,,,,,,
https://valiprev.sp.gov.br/uploads/paginas/certidoes/pdf/Certidao-188531490001892.pdf,,Certidao-188531490001892.pdf,77824,,dry_run,2024-03-27T08:43:00Z,,,,,,
https://valiprev.sp.gov.br/uploads/paginas/certidoes/pdf/Certificado_-_Pr%C3%B3-Gest%C3%A3o_-_Valinhos_%28Final%29.pdf,,Certificado_-_Pró-Gestão_-_Valinhos_(Final).pdf,71680,,dry_run,2024-03-27T08:43:00Z,,,,,,
https://valiprev.sp.gov.br/uploads/paginas/certidoes/pdf/Certificado_-_Pr%C3%B3-Gest%C3%A3o_-_Valinhos_SP_-_%28Final%29.pdf,,Certificado_-_Pró-Gestão_-_Valinhos_SP_-_(Final).pdf,288768,,dry_run,2025-01-28T16:46:00Z,,,,,,
https://valiprev.sp.gov.br/uploads/paginas/certidoes/pdf/Consulta-Regularidade-do-Empregador.pdf,,Consulta-Regularidade-do-Empregador.pdf,91136,,dry_run,2024-02-15T14:35:00Z,,,,,,
https://valiprev.sp.gov.br/uploads/paginas/certidoes/pdf/Consulta-Regularidade-do-Empregador1.pdf,,Consulta-Regularidade-do-Empregador1.pdf,91136,,dry_run,2024-02-15T14:50:00Z,,,,,,
https://valiprev.sp.gov.br/uploads/paginas/certidoes/pdf/Consulta-Regularidade-do-Empregador2.pdf,,Consulta-Regularidade-do-Empregador2.pdf,91136,,dry_run,2024-03-27T08:43:00Z,,,,,,
https://valiprev.sp.gov.br/uploads/paginas/certidoes/pdf/EXTRATO-CRP-04-03-2024.pdf,,EXTRATO-CRP-04-03-2024.pdf,100352,,dry_run,2024-02-15T14:35:00Z,,,,,,
https://valiprev.sp.gov.br/uploads/paginas/certidoes/pdf/EXTRATO-CRP-04-03-20241.pdf,,EXTRATO-CRP-04-03-20241.pdf,100352,,dry_run,2024-02-15T14:50:00Z,,,,,,
https://valiprev.sp.gov.br/uploads/paginas/certidoes/pdf/EXTRATO-CRP-04-03-20242.pdf,,EXTRATO-CRP-04-03-20242.pdf,100352,,dry_run,2024-03-27T08:43:00Z,,,,,,
https://valiprev.sp.gov.br/uploads/paginas/certidoes/pdf/Emiss%C3%A3o_de_Certificado.pdf,,Emissão_de_Certificado.pdf,239616,,dry_run,2026-08-21T10:07:00Z,,,,,,
https://valiprev.sp.gov.br/uploads/paginas/certidoes/pdf/HIST%C3%93RICO_-_CERTID%C3%83O_DE_REGULARIDADE_DO_FGTS.pdf,,HISTÓRICO_-_CERTIDÃO_DE_REGULARIDADE_DO_FGTS.pdf,62464,,dry_run,2024-11-12T17:00:00Z,,,,,,
https://valiprev.sp.gov.br/uploads/paginas/certidoes/pdf/LINK_PARA_ACESSO_%C3%80S_AUDI%C3%8ANCIAS_P%C3%9ABLICAS_CONSOLIDADAS_DO_MUNIC%C3%8DPIO.pdf,,LINK_PARA_ACESSO_ÀS_AUDIÊNCIAS_PÚBLICAS_CONSOLIDADAS_DO_MUNICÍPIO.pdf,413696,,dry_run,2025-02-06T16:29:00Z,,,,,,
https://valiprev.sp.gov.br/uploads/paginas/certidoes/pdf/Plano_de_Capacita%C3%A7%C3%A3o_2019.pdf,,Plano_de_Capacitação_2019.pdf,1468006,,dry_run,2024-02-16T15:14:00Z,,,,,,
https://valiprev.sp.gov.br/uploads/paginas/certidoes/pdf/Plano_de_Capacita%C3%A7%C3%A3o_20191.pdf,,Plano_de_Capacitação_20191.pdf,1468006,,dry_run,2024-02-17T16:01:00Z,,,,,,
https://valiprev.sp.gov.br/uploads/paginas/certidoes/pdf/Plano_de_Capacita%C3%A7%C3%A3o_20192.pdf,,Plano_de_Capacitação_20192.pdf,1468006,,dry_run,2024-02-19T09:38:00Z,,,,,,
https://valiprev.sp.gov.br/uploads/paginas/certidoes/pdf/Plano_de_Capacita%C3%A7%C3%A3o_20193.pdf,,Plano_de_Capacitação_20193.pdf,1468006,,dry_run,2024-02-19T10:27:00Z,,,,,,
https://valiprev.sp.gov.br/uploads/paginas/certidoes/pdf/RELAT%C3%93RIO_DE_GOVERNAN%C3%87A_-_DIVULGA%C3%87%C3%83O_2019.pdf,,RELATÓRIO_DE_GOVERNANÇA_-_DIVULGAÇÃO_2019.pdf,328704,,dry_run,2024-10-30T14:47:00Z,,,,,,
https://valiprev.sp.gov.br/uploads/paginas/certidoes/pdf/RELAT%C3%93RIO_DE_GOVERNAN%C3%87A_CORPORATIVA_2022_2023.pdf,,RELATÓRIO_DE_GOVERNANÇA_CORPORATIVA_2022_2023.pdf,482304,,dry_run,2024-11-18T09:59:00Z,,,,,,
https://valiprev.sp.gov.br/uploads/paginas/certidoes/pdf/RELAT%C3%93RIO_DE_GOVERNAN%C3%87A_CORPORATIVA_2023_2024.pdf,,RELATÓRIO_DE_GOVERNANÇA_CORPORATIVA_2023_2024.pdf,352256,,dry_run,2024-11-18T09:59:00Z,,,,,,
https://valiprev.sp.gov.br/uploads/paginas/certidoes/pdf/RELAT%C3%93RIO_DE_GOVERNAN%C3%87A_CORPORATIVA_2023_20241.pdf,,RELATÓRIO_DE_GOVERNANÇA_CORPORATIVA_2023_20241.pdf,352256,,dry_run,2024-11-18T11:54:00Z,,,,,,
https://valiprev.sp.gov.br/uploads/paginas/certidoes/pdf/RELAT%C3%93RIO_DE_GOVERNAN%C3%87A_CORPORATIVA_2023_20242.pdf,,RELATÓRIO_DE_GOVERNANÇA_CORPORATIVA_2023_20242.pdf,352256,,dry_run,2024-11-18T11:57:00Z,,,,,,
https://valiprev.sp.gov.br/uploads/paginas/certidoes/pdf/RELAT%C3%93RIO_DE_GOVERNAN%C3%87A_CORPORATIVA_2023_20243.pdf,,RELATÓRIO_DE_GOVERNANÇA_CORPORATIVA_2023_20243.pdf,352256,,dry_run,2024-11-18T12:10:00Z,,,,,,
https://valiprev.sp.gov.br/uploads/paginas/certidoes/pdf/RELAT%C3%93RIO_DE_GOVERNAN%C3%87A_CORPORATIVA_2023_20244.pdf,,RELATÓRIO_DE_GOVERNANÇA_CORPORATIVA_2023_20244.pdf,352256,,dry_run,2024-11-18T12:25:00Z,,,,,,
https://valiprev.sp.gov.br/uploads/paginas/certidoes/pdf/RELAT%C3%93RIO_DE_GOVERNAN%C3%87A_CORPORATIVA_2023_2024_ATUALIZADO.pdf,,RELATÓRIO_DE_GOVERNANÇA_CORPORATIVA_2023_2024_ATUALIZADO.pdf,1887436,,dry_run,2025-01-15T09:30:00Z,,,,,,
https://valiprev.sp.gov.br/uploads/paginas/certidoes/pdf/RELAT%C3%93RIO_DE_GOVERNAN%C3%87A_EXERC%C3%8DCIO_DE_2024.pdf,,RELATÓRIO_DE_GOVERNANÇA_EXERCÍCIO_DE_2024.pdf,932864,,dry_run,2025-11-28T16:40:00Z,,,,,,
https://valiprev.sp.gov.br/uploads/paginas/certidoes/pdf/RELATORIO_DE_GOVERNAN%C3%87A_-_2019.pdf,,RELATORIO_DE_GOVERNANÇA_-_2019.pdf,689152,,dry_run,2024-10-30T14:49:00Z,,,,,,
https://valiprev.sp.gov.br/uploads/paginas/certidoes/pdf/RELATORIO_DE_GOVERNAN%C3%87A_-_20191.pdf,,RELATORIO_DE_GOVERNANÇA_-_20191.pdf,689152,,dry_run,2024-10-30T14:50:00Z,,,,,,
https://valiprev.sp.gov.br/uploads/paginas/certidoes/pdf/RELATORIO_GOVERNANCA_2022.pdf,,RELATORIO_GOVERNANCA_2022.pdf,1468006,,dry_run,2024-03-26T11:09:00Z,,,,,,
https://valiprev.sp.gov.br/uploads/paginas/certidoes/pdf/RELATORIO_GOVERNANCA_20221.pdf,,RELATORIO_GOVERNANCA_20221.pdf,1468006,,dry_run,2024-03-26T11:13:00Z,,,,,,
https://valiprev.sp.gov.br/uploads/paginas/certidoes/pdf/Relat%C3%B3rio_de_Governan%C3%A7a_Corporativa_2022_2023.pdf,,Relatório_de_Governança_Corporativa_2022_2023.pdf,1468006,,dry_run,2024-11-18T09:56:00Z,,,,,,
https://valiprev.sp.gov.br/uploads/paginas/certidoes/pdf/Relat%C3%B3rio_de_Governan%C3%A7a_Corporativa_2023_2024_compressed.pdf,,Relatório_de_Governança_Corporativa_2023_2024_compressed.pdf,352256,,dry_run,2024-11-18T09:42:00Z,,,,,,
https://valiprev.sp.gov.br/uploads/paginas/certidoes/pdf/Relat%C3%B3rio_de_Governan%C3%A7a_Corporativa_2023_2024_compressed1.pdf,,Relatório_de_Governança_Corporativa_2023_2024_compressed1.pdf,352256,,dry_run,2024-11-18T09:52:00Z,,,,,,
https://valiprev.sp.gov.br/uploads/paginas/certidoes/pdf/certidao_18853149000189.pdf,,certidao_18853149000189.pdf,86016,,dry_run,2024-02-15T14:35:00Z,,,,,,
https://valiprev.sp.gov.br/uploads/paginas/certidoes/pdf/certidao_188531490001891.pdf,,certidao_188531490001891.pdf,86016,,dry_run,2024-02-15T14:50:00Z,,,,,,
https://valiprev.sp.gov.br/uploads/paginas/certidoes/pdf/certidao_188531490001892.pdf,,certidao_188531490001892.pdf,86016,,dry_run,2024-03-27T08:43:00Z,,,,,,
https://valiprev.sp.gov.br/uploads/paginas/certidoes/pdf/wordpress.pdf,,wordpress.pdf,250880,,dry_run,2025-11-25T09:42:00Z,,,,,,
